		verhouding	aantal
homepage	100%	35.09%	350.877193
zoeken	95%	33.33%	333.3333333
winkelwagen	80%	28.07%	280.7017544
bestellen	10%	3.51%	35.0877193
totaal	285%	100%	1000
1000			
